wavelength,dist_ab,err_ab,dist_c,err_c,dist_mean,err_mean
0.445,14.036504166529541,0.033969016660349634,13.940972216007255,0.03195365242597388,13.990648830278843,0.0233935810607628
0.551,13.898917782772715,0.030925852139299444,13.830464153064398,0.02653879577600034,13.866060040512723,0.02051548932724395
1.22,13.838835299304362,0.022441166562796176,13.849976949633954,0.018950256156269604,13.844183291462567,0.014795759646064216
1.63,13.7955158525951,0.03026847695486725,13.82720337369916,0.02556012064130351,13.81072586272505,0.01995645596984752
2.19,13.789987243632908,0.02394764227957208,13.814428734888963,0.021028869020896068,13.801719159435816,0.016029894937034175
3.55,13.751359507802826,0.024353624304159296,13.838061604724485,0.030865173485183587,13.792976514325222,0.01949016656123326
4.493,13.767572585797943,0.04821785199253265,13.889756400705311,0.060845871766838845,13.82622081695348,0.03849235035431034
