wavelength,dist_ab,err_ab,dist_c,err_c,dist_mean,err_mean
1.22,13.841731961902214,0.02244116674971614,13.85242669857388,0.018950256153574787,13.846865435504615,0.014795759721929296
1.63,13.798594591127307,0.030268476981005484,13.829768989142664,0.02556012061021956,13.813558302174679,0.019956455971394685
2.19,13.793032877450166,0.02394764220260552,13.816961245617469,0.021028868882949907,13.804518494170471,0.016029894864248374
3.55,13.751359507802826,0.024353624304159296,13.838061604724485,0.030865173485183587,13.792976514325222,0.01949016656123326
4.493,13.767572585797943,0.04821785199253265,13.889756400705311,0.060845871766838845,13.82622081695348,0.03849235035431034
