wavelength,dist_ab,err_ab,dist_c,err_c,dist_mean,err_mean
1.22,13.849235485095136,0.02244116657865494,13.858772535331294,0.01895025611067171,13.85381326920849,0.014795759639112609
1.63,13.806569764349865,0.030268476897081634,13.83641496682813,0.025560120720698753,13.820895461539433,0.019956455969577472
2.19,13.800922296121492,0.023947642252378762,13.823521468802534,0.021028868908418086,13.811769899008393,0.016029894892052574
3.55,13.751359507802826,0.024353624304159296,13.838061604724485,0.030865173485183587,13.792976514325222,0.01949016656123326
4.493,13.767572585797943,0.04821785199253265,13.889756400705311,0.060845871766838845,13.82622081695348,0.03849235035431034
