wavelength,dist_ab,err_ab,dist_c,err_c,dist_mean,err_mean
1.22,13.8544317239,0.0228987049979,14.063975077,0.017287692816,13.9592034005,0.0143458618901
1.63,13.825823303,0.0325232130155,14.0039552412,0.0251443690178,13.9148892721,0.0205547967525
2.19,13.7950542992,0.0246523192598,13.9554249485,0.0203308312728,13.8752396239,0.0159771676552
3.55,13.7503311889,0.026451568913,13.8380616048,0.0308651734853,13.7941963968,0.0203245198728
4.493,13.7708312101,0.0521525602412,13.8897564007,0.060845871767,13.8302938054,0.0400690330892
