wavelength,dist_ab,err_ab,dist_c,err_c,dist_mean,err_mean
1.22,13.8646216045,0.0232872262964,13.8661279199,0.0189502560191,13.8653747622,0.0150117213518
1.63,13.8206882649,0.0324757956667,13.8441182413,0.0255601206655,13.8324032531,0.0206639606115
2.19,13.8159148711,0.0252456468356,13.8311253461,0.0210288688987,13.8235201086,0.0164282988415
3.55,13.7503311889,0.0264515689129,13.8380616047,0.0308651734852,13.7941963968,0.0203245198727
4.493,13.7708312102,0.0521525603163,13.8897564007,0.0608458717668,13.8302938055,0.0400690331135
