wavelength,dist_ab,err_ab,dist_c,err_c,dist_mean,err_mean
1.22,13.838835299304362,0.022441166562796145,13.849976949633954,0.018950256156269604,13.844183291462567,0.014795759646064204
1.63,13.7955158525951,0.03026847695486725,13.82720337370372,0.02556012064130351,13.810725862727239,0.01995645596984752
2.19,13.789987243632908,0.02394764227957208,13.814428734888963,0.02102886900577398,13.801719159435816,0.016029894932463512
3.55,13.751359507802826,0.024353624304159296,13.838061604724485,0.030865173485183587,13.792976514325222,0.01949016656123326
4.493,13.767572585797943,0.04821785199253265,13.889756400705311,0.060845871766838845,13.82622081695348,0.03849235035431034
