wavelength,dist_ab,err_ab,dist_c,err_c,dist_mean,err_mean
1.22,13.839280359065055,0.02092062638339682,13.843403028730435,0.019628825590999027,13.841265348163201,0.014387255039584164
1.63,13.794575640668182,0.028309886966833366,13.817051514976397,0.02673094054009757,13.805397357927692,0.019522486735541494
2.19,13.790183027615122,0.0223536155412625,13.80627895024866,0.022097328891389,13.797932916290527,0.01573352460304896
3.55,13.770870848727665,0.029817159703955484,13.798961733854513,0.048320760630702383,13.784396089714665,0.027934220178794957
4.493,13.775286324522568,0.045302601582973126,13.856986698382654,0.06485754572930293,13.814623541566313,0.039076347984093346
