wavelength,dist_ab,err_ab,dist_c,err_c,dist_mean,err_mean
1.22,13.826257354088835,0.022441166668766666,13.871806757503846,0.018950256121001804,13.84812106772804,0.01479575967911791
1.63,13.78214729368031,0.030268477019193114,13.85006567246426,0.025560120592709117,13.814748115496606,0.019956455981889058
2.19,13.776762432663439,0.02394764212316497,13.836996036250643,0.0210288688839477,13.805674562385297,0.016029894832459122
3.55,13.751359507802826,0.024353624304159296,13.838061604724485,0.030865173485183587,13.792976514325222,0.01949016656123326
4.493,13.767572585797943,0.04821785199253265,13.889756400705311,0.060845871766838845,13.82622081695348,0.03849235035431034
