wavelength,slope_ab,slope_err_ab,zpt_ab,zpt_err_ab,slope_c,slope_err_c,zpt_c,zpt_err_c
1.22,-2.68440197645,0.445768700536,13.3696474218,0.03158658788,-2.25636426927,0.30882123901,13.6098500924,0.0191158256001
1.63,-3.20781942438,0.586908266302,13.0998503653,0.0415875514703,-2.8632639814,0.656435708732,13.3899401046,0.0406329218581
2.19,-3.03987620584,0.54687502892,13.0169964973,0.0387508499533,-2.6859378486,0.48532423792,13.3352956301,0.0300412392518
3.55,-1.1351212522,0.740859614646,13.0975780571,0.0542082221836,-3.24955672883,0.946280204386,13.443482034,0.0622993601738
4.493,-3.44059618126,0.868665553698,13.1115096025,0.0667005825419,-3.05040070656,1.54904622569,13.5125927135,0.0879807260094
