wavelength,slope_ab,slope_err_ab,zpt_ab,zpt_err_ab,sig_ab,slope_c,slope_err_c,zpt_c,zpt_err_c,sig_c
1.22,-2.08458354191,0.114408799201,13.4302799995,0.00829239136015,0.0630289571687,-2.11903876062,0.12893865324,13.6406987993,0.00769589683016,0.0675287870681
1.63,-2.26926584007,0.160012187278,13.1755338315,0.0116583066504,0.0864510148963,-2.43954975642,0.18386510959,13.473539483,0.0112281714026,0.0883791221532
2.19,-2.38834948096,0.10963007166,13.0973633754,0.00796361041942,0.0595884350264,-2.45381007076,0.13454797991,13.4014481575,0.00810203518088,0.0672472254481
3.55,-2.24696404542,0.231314801916,13.1239071495,0.0171378367936,0.08994354808,-3.05816219576,0.31553622758,13.4863206942,0.0215317587228,0.0961091962613
4.493,-2.60496453762,0.557702588809,13.1729430716,0.0405308481304,0.180724865947,-2.18262659054,0.778799735562,13.4481661839,0.0453601793224,0.180454458187
